{"cameraMode":{"drawMode":0,"name":"Shaded","section":"Shading Mode"},"sceneLighting":true,"audioPlay":false,"sceneViewState":{"showFog":true,"showMaterialUpdate":true,"showSkybox":true,"showFlares":true,"showImageEffects":true,"showParticleSystems":true},"in2DMode":false,"pivot":{"x":29.067867279052736,"y":10.384918212890625,"z":30.07709503173828},"rotation":{"x":0.5735946893692017,"y":0.2629243731498718,"z":-0.20128948986530305,"w":0.7492285966873169},"size":74.22992706298828,"orthographic":false}