{"cameraMode":{"drawMode":0,"name":"Shaded","section":"Shading Mode"},"sceneLighting":true,"audioPlay":false,"sceneViewState":{"showFog":true,"showMaterialUpdate":true,"showSkybox":true,"showFlares":true,"showImageEffects":true,"showParticleSystems":true},"in2DMode":false,"pivot":{"x":7.94897985458374,"y":1.3198986053466797,"z":11.649999618530274},"rotation":{"x":-0.010934986174106598,"y":0.6844090223312378,"z":0.010266905650496483,"w":0.7289443016052246},"size":2.2166881561279299,"orthographic":true}