{"cameraMode":{"drawMode":0,"name":"Shaded","section":"Shading Mode"},"sceneLighting":true,"audioPlay":false,"sceneViewState":{"showFog":true,"showMaterialUpdate":true,"showSkybox":true,"showFlares":true,"showImageEffects":true,"showParticleSystems":true},"in2DMode":false,"pivot":{"x":565.9000244140625,"y":1.0,"z":546.9343872070313},"rotation":{"x":0.7126708030700684,"y":-0.0325714647769928,"z":0.03316309675574303,"w":0.6999567747116089},"size":13.094840049743653,"orthographic":true}