{"cameraMode":{"drawMode":0,"name":"Shaded","section":"Shading Mode"},"sceneLighting":true,"audioPlay":false,"sceneViewState":{"showFog":true,"showMaterialUpdate":true,"showSkybox":true,"showFlares":true,"showImageEffects":true,"showParticleSystems":true},"in2DMode":false,"pivot":{"x":-2.6100001335144045,"y":1.5,"z":-4.3379998207092289},"rotation":{"x":0.2849709689617157,"y":0.38739314675331118,"z":-0.1272602379322052,"w":0.8674808740615845},"size":11.819718360900879,"orthographic":true}