{"cameraMode":{"drawMode":0,"name":"Shaded","section":"Shading Mode"},"sceneLighting":true,"audioPlay":false,"sceneViewState":{"showFog":true,"showMaterialUpdate":true,"showSkybox":true,"showFlares":true,"showImageEffects":true,"showParticleSystems":true},"in2DMode":false,"pivot":{"x":564.5750732421875,"y":2.0180001258850099,"z":561.5999755859375},"rotation":{"x":0.3470528721809387,"y":0.3566546142101288,"z":-0.14473213255405427,"w":0.8552221059799194},"size":20.518112182617189,"orthographic":false}