{"cameraMode":{"drawMode":0,"name":"Shaded","section":"Shading Mode"},"sceneLighting":true,"audioPlay":false,"sceneViewState":{"showFog":true,"showMaterialUpdate":true,"showSkybox":true,"showFlares":true,"showImageEffects":true,"showParticleSystems":true},"in2DMode":false,"pivot":{"x":8.680000305175782,"y":2.9600000381469728,"z":10.970000267028809},"rotation":{"x":-0.010934986174106598,"y":0.6844090223312378,"z":0.010266905650496483,"w":0.7289443016052246},"size":2.35151743888855,"orthographic":true}