{"cameraMode":{"drawMode":0,"name":"Shaded","section":"Shading Mode"},"sceneLighting":true,"audioPlay":false,"sceneViewState":{"showFog":true,"showMaterialUpdate":true,"showSkybox":true,"showFlares":true,"showImageEffects":true,"showParticleSystems":true},"in2DMode":false,"pivot":{"x":572.1593017578125,"y":0.9375,"z":550.995849609375},"rotation":{"x":0.6876969933509827,"y":0.009799875319004059,"z":-0.009284467436373234,"w":0.7258727550506592},"size":27.778980255126954,"orthographic":true}